<?xml version="1.0" encoding="utf-8" ?><dwsync><file name="opensans-bold-webfont.eot" server="onclickprod.com" local="3499325912" remote="12089238272" /><file name="opensans-bold-webfont.svg" server="onclickprod.com" local="3499325912" remote="12089238272" /><file name="opensans-bold-webfont.ttf" server="onclickprod.com" local="3499325913" remote="12089238272" /><file name="opensans-bold-webfont.woff" server="onclickprod.com" local="3499325913" remote="12089238272" /><file name="opensans-bold-webfont.woff2" server="onclickprod.com" local="3499325913" remote="12089238272" /><file name="opensans-regular-webfont.eot" server="onclickprod.com" local="3499325913" remote="12089238272" /><file name="opensans-regular-webfont.svg" server="onclickprod.com" local="3499325913" remote="12089238272" /><file name="opensans-regular-webfont.ttf" server="onclickprod.com" local="3499325913" remote="12089238272" /><file name="opensans-regular-webfont.woff" server="onclickprod.com" local="3499325914" remote="12089238272" /><file name="opensans-regular-webfont.woff2" server="onclickprod.com" local="3499325914" remote="12089238272" /><file name="opensans-semibold-webfont.eot" server="onclickprod.com" local="3499325914" remote="12089238272" /><file name="opensans-semibold-webfont.svg" server="onclickprod.com" local="3499325914" remote="12089238272" /><file name="opensans-semibold-webfont.ttf" server="onclickprod.com" local="3499325915" remote="12089238272" /><file name="opensans-semibold-webfont.woff" server="onclickprod.com" local="3499325915" remote="12089238332" /><file name="opensans-semibold-webfont.woff2" server="onclickprod.com" local="3499325915" remote="12089238332" /><file name="socialico-webfont.eot" server="onclickprod.com" local="3499325955" remote="12089238332" /><file name="socialico-webfont.svg" server="onclickprod.com" local="3499325955" remote="12089238332" /><file name="socialico-webfont.ttf" server="onclickprod.com" local="3499325956" remote="12089238332" /><file name="socialico-webfont.woff" server="onclickprod.com" local="3499325956" remote="12089238332" /><file name="socialico-webfont.woff2" server="onclickprod.com" local="3499325956" remote="12089238332" /><file name="socialico_plus-webfont.eot" server="onclickprod.com" local="3499325956" remote="12089238332" /><file name="socialico_plus-webfont.svg" server="onclickprod.com" local="3499325956" remote="12089238332" /><file name="socialico_plus-webfont.ttf" server="onclickprod.com" local="3499325956" remote="12089238332" /><file name="socialico_plus-webfont.woff" server="onclickprod.com" local="3499325956" remote="12089238332" /><file name="socialico_plus-webfont.woff2" server="onclickprod.com" local="3499325957" remote="12089238332" /></dwsync>