<?xml version="1.0" encoding="utf-8" ?><dwsync><file name="logo.svg" server="onclickprod.com" local="3497079936" remote="12089238392" /><file name="triangle.svg" server="onclickprod.com" local="3497090440" remote="12089238392" /><file name="icone1.svg" server="onclickprod.com" local="3497174497" remote="12089238332" /><file name="image2-01.png" server="onclickprod.com" local="3497182789" remote="12089238332" /><file name="image4-01.jpg" server="onclickprod.com" local="3499081248" remote="12089238332" /><file name="image5-01.jpg" server="onclickprod.com" local="3497185829" remote="12089238392" /><file name="image6-01.jpg" server="onclickprod.com" local="3499081266" remote="12089238392" /><file name="logotop.svg" server="onclickprod.com" local="3499072830" remote="12089238392" /><file name="plus.svg" server="onclickprod.com" local="3499261745" remote="12089238392" /><file name="cross.svg" server="onclickprod.com" local="3499344544" remote="16384217628" /><file name="image1-01.jpg" server="onclickprod.com" local="3499081300" remote="12089238332" /><file name="image3-01.jpg" server="onclickprod.com" local="3499081318" remote="12089238332" /><file name="home.svg" server="onclickprod.com" local="3499261764" remote="12089238332" /><file name="gallery-in-a-page.jpg" server="onclickprod.com" local="3497250083" remote="12089238332" /><file name="image2-01.jpg" server="onclickprod.com" local="3499081994" remote="12089238332" /><file name="trame.svg" server="onclickprod.com" local="3498153630" remote="12089238392" /><file name=".DS_Store" server="onclickprod.com" local="3497436711" remote="12089238332" /><file name="cross-01.png" server="onclickprod.com" local="3497365947" remote="12089238332" /><file name="small-logo-01.png" server="onclickprod.com" local="3499328048" remote="12089238392" /></dwsync>