<?xml version="1.0" encoding="utf-8" ?><dwsync><file name="spore.html" server="onclickprod.com" local="3499932693" remote="16384805808" /><file name="spore-cat-image.html" server="onclickprod.com" local="3499932955" remote="16384806048" /><file name="spore-cat-video.html" server="onclickprod.com" local="3499933025" remote="16384806108" /><file name="spore-cat-hotpost.html" server="onclickprod.com" local="3499932887" remote="16384805928" /><file name="spore-post1.html" server="onclickprod.com" local="3499933670" remote="16384806708" /><file name="spore-post2.html" server="onclickprod.com" local="3499933657" remote="16384806708" /><file name="spore-post3.html" server="onclickprod.com" local="3499933645" remote="16384806708" /><file name="spore-post4.html" server="onclickprod.com" local="3499933631" remote="16384806708" /><file name="spore-post5.html" server="onclickprod.com" local="3499933618" remote="16384806708" /><file name="spore-post6.html" server="onclickprod.com" local="3499933586" remote="16384806648" /><file name="spore-post7.html" server="onclickprod.com" local="3499933772" remote="16384806828" /><file name="spore-post8.html" server="onclickprod.com" local="3499933895" remote="16384806948" /><file name="spore-post9.html" server="onclickprod.com" local="3499934001" remote="16384807068" /></dwsync>